feature,importance
rv_3,0.1749073393832597
ma_diff,0.17109674796186597
vol_5,0.17083791681510727
ret_3,0.16460866705725516
momentum_3,0.159869990760549
ret_1,0.1586793380219629
