model,precision_mean,recall_mean,f1_mean,avg_return_per_signal,avg_signals_per_testday
LogisticRegression,0.33809523809523806,0.6527777777777778,0.3796296296296296,-0.0039061254471017067,5.333333333333333
RandomForest,0.4083333333333334,0.4861111111111111,0.41084656084656085,0.003343261093957002,3.8333333333333335
